"146449 01/10/2025 07/10/2025 0 0 0 0 """" 0 """" 994,01 107,34 468,66 175 770000 0 0 6 ""0472"" 0 0 0 0 0 no "
"146589 01/10/2025 07/10/2025 0 0 0 0 """" 0 """" 886,24 85,59 407,37 175 770000 0 0 3 ""1511"" 0 0 0 0 0 no "
"146621 01/10/2025 07/10/2025 0 0 0 0 """" 0 """" 936,43 0 936,43 175 710000 0 0 4 ""1511"" 0 0 0 0 0 no "
"146688 01/10/2025 07/10/2025 0 0 0 0 """" 0 """" 1352,31 0 1352,31 175 710000 0 0 5 ""1511"" 0 0 0 0 0 no "
"146811 01/10/2025 07/10/2025 0 0 0 0 """" 0 """" 636,66 60,55 378,62 175 770000 0 0 5 ""1511"" 0 0 0 0 0 no "
"147082 01/10/2025 07/10/2025 0 0 0 0 """" 0 """" 1278,3 0 1278,3 175 710000 0 0 4 ""8491"" 0 0 0 0 0 no "
"147116 01/10/2025 07/10/2025 0 0 0 0 """" 0 """" 637,44 0 332,3 175 770000 0 0 0 ""0471"" 0 0 0 0 0 no "
"147157 01/10/2025 07/10/2025 0 0 0 0 """" 0 """" 982,94 0 982,94 175 750000 0 0 0 ""1511"" 0 0 0 0 0 no "
"147207 01/10/2025 07/10/2025 0 0 0 0 """" 0 """" 736,32 0 736,32 175 740000 0 0 0 ""1511"" 0 0 0 0 0 no "
"147298 01/10/2025 07/10/2025 0 0 0 0 """" 0 """" 1349,95 0 1349,95 175 760000 0 0 4 ""0471"" 0 0 0 0 0 no "
"147348 01/10/2025 07/10/2025 0 0 0 0 """" 0 """" 1068,21 0 1068,21 175 710000 0 0 3 ""0471"" 0 0 0 0 0 no "
"147363 01/10/2025 07/10/2025 0 0 0 0 """" 0 """" 914,49 0 914,49 175 740000 0 0 4 ""0471"" 0 0 0 0 0 no "
"147371 01/10/2025 07/10/2025 0 0 0 0 """" 0 """" 1120,58 0 1120,58 175 740000 0 0 1 ""8491"" 0 0 0 0 0 no "
"147579 01/10/2025 07/10/2025 0 0 0 0 """" 0 """" 1429,95 0 1429,95 175 710000 0 0 3 ""8491"" 0 0 0 0 0 no "
"147710 01/10/2025 07/10/2025 0 0 0 0 """" 0 """" 1168,75 0 1168,75 175 710000 0 0 0 ""3121"" 0 0 0 0 0 no "
"147728 01/10/2025 07/10/2025 0 0 0 0 """" 0 """" 1620,75 0 1620,75 175 740000 0 0 3 ""1511"" 0 0 0 0 0 no "
"147892 01/10/2025 07/10/2025 0 0 0 0 """" 0 """" 1069,85 0 1069,85 175 760000 0 0 1 ""2651"" 0 0 0 0 0 no "
"148098 01/10/2025 07/10/2025 0 0 0 0 """" 0 """" 1108,32 0 1108,32 175 710000 0 0 1 ""8491"" 0 0 0 0 0 no "
"148122 01/10/2025 07/10/2025 0 0 0 0 """" 0 """" 841,61 0 512,96 175 760000 0 0 0 ""1511"" 0 0 0 0 0 no "
"148528 01/10/2025 07/10/2025 0 0 0 0 """" 0 """" 1159,98 0 696,68 175 710000 0 0 5 ""1510"" 0 0 0 0 0 no "
"148551 01/10/2025 07/10/2025 0 0 0 0 """" 0 """" 228,34 0 124,95 175 760000 0 0 0 ""2110"" 0 0 0 0 0 no "
"148742 01/10/2025 07/10/2025 0 0 0 0 """" 0 """" 468,89 0 157,27 175 760000 0 0 0 ""661?"" 0 0 0 0 0 no "
"148916 01/10/2025 07/10/2025 0 0 0 0 """" 0 """" 870,64 0 381,95 175 760000 0 0 6 ""1512"" 0 0 0 0 0 no "
"149039 01/10/2025 07/10/2025 0 0 0 0 """" 0 """" 797,28 0 309,5 175 760000 0 0 3 ""1511"" 0 0 0 0 0 no "
"149138 01/10/2025 07/10/2025 0 0 0 0 """" 0 """" 580,61 0 208,67 175 760000 0 0 0 ""Ausl"" 0 0 0 0 0 no "
"149146 01/10/2025 07/10/2025 0 0 0 0 """" 0 """" 527,38 0 231,31 175 760000 0 0 5 ""0471"" 0 0 0 0 0 no "
"149211 01/10/2025 07/10/2025 0 0 0 0 """" 0 """" 1083,27 0 416,3 175 760000 0 0 4 ""0471"" 0 0 0 0 0 no "
"149369 01/10/2025 07/10/2025 0 0 0 0 """" 0 """" 501,76 0 205,62 175 760000 0 0 0 ""0471"" 0 0 0 0 0 no "
"149542 01/10/2025 07/10/2025 0 0 0 0 """" 0 """" 1625,79 0 1625,79 175 710000 0 0 0 ""1511"" 0 0 0 0 0 no "
"149815 01/10/2025 07/10/2025 0 0 0 0 """" 0 """" 707,2 0 707,2 175 770000 0 0 0 ""8491"" 0 0 0 0 0 no "
"150961 01/10/2025 07/10/2025 0 0 0 0 """" 0 """" 558,58 ,53 344,68 175 770000 0 0 5 ""3121"" 0 0 0 0 0 no "
"151472 01/10/2025 07/10/2025 0 0 0 0 """" 0 """" 646,91 0 251,2 175 760000 0 0 3 ""9031"" 0 0 0 0 0 no "
"151639 01/10/2025 07/10/2025 0 0 0 0 """" 0 """" 432,48 0 160,32 175 760000 0 0 3 ""312?"" 0 0 0 0 0 no "
"151738 01/10/2025 07/10/2025 0 0 0 0 """" 0 """" 493,7 0 219,15 175 760000 0 0 4 ""3121"" 0 0 0 0 0 no "
"152496 01/10/2025 07/10/2025 0 0 0 0 """" 0 """" 190,95 0 67,09 175 770000 0 0 5 ""3120"" 0 0 0 0 0 no "
"156810 01/10/2025 07/10/2025 0 0 0 0 """" 0 """" 603,99 0 603,99 175 760000 0 0 0 ""3051"" 0 0 0 0 0 no "
"157362 01/10/2025 07/10/2025 0 0 0 0 """" 0 """" 552,52 0 145,53 175 760000 0 0 0 ""PKV"" 0 0 0 0 0 no "
"157602 01/10/2025 07/10/2025 0 0 0 0 """" 0 """" 160,75 0 196 177 750000 0 0 6 ""1512"" 0 0 0 0 0 no "
"157859 01/10/2025 07/10/2025 0 0 0 0 """" 0 """" 481,42 0 481,42 177 770000 0 0 0 ""4161"" 0 0 0 0 0 no "
"158352 01/10/2025 07/10/2025 0 0 0 0 """" 0 """" 349,75 0 349,75 177 770000 0 0 6 ""151?"" 0 0 0 0 0 no "
"159996 01/10/2025 07/10/2025 0 0 0 0 """" 0 """" 203,26 0 203,26 177 760000 0 0 ? ""3121"" 0 0 0 0 0 no "
"168989 01/10/2025 07/10/2025 0 0 0 0 """" 0 """" 1633,49 0 1633,49 177 760000 0 0 3 ""0471"" 0 0 0 0 0 no "
"169144 01/10/2025 07/10/2025 0 0 0 0 """" 0 """" 4719,47 0 4719,47 175 710000 0 0 3 ""PKV"" 0 0 0 0 0 no "
"173468 01/10/2025 07/10/2025 0 0 0 0 """" 0 """" 4683,79 0 2909,57 175 710000 0 0 3 ""8495"" 0 0 0 0 0 no "
"173708 01/10/2025 07/10/2025 0 0 0 0 """" 0 """" 1414,12 212,29 629,57 175 770000 0 0 3 ""8492"" 0 0 0 0 0 no "
"173955 01/10/2025 07/10/2025 0 0 0 0 """" 0 """" 2400,33 0 2400,33 175 710000 0 0 4 ""2411"" 0 0 0 0 0 no "
"173989 01/10/2025 07/10/2025 0 0 0 0 """" 0 """" 3823,24 0 2639,18 175 710000 0 0 0 ""1511"" 0 0 0 0 0 no "
"174052 01/10/2025 07/10/2025 0 0 0 0 """" 0 """" 873,48 0 542,34 175 710000 0 0 6 ""6962"" 0 0 0 0 0 no "
"174458 01/10/2025 07/10/2025 0 0 0 0 """" 0 """" 1413,97 163,43 833,97 175 770000 0 0 0 ""4582"" 0 0 0 0 0 no "
"175430 01/10/2025 07/10/2025 0 0 0 0 """" 0 """" 1292,76 0 889,16 175 710000 0 0 3 ""2411"" 0 0 0 0 0 no "
"175596 01/10/2025 07/10/2025 0 0 0 0 """" 0 """" 684,37 0 684,37 175 770000 0 0 1 ""2411"" 0 0 0 0 0 no "
"176016 01/10/2025 07/10/2025 0 0 0 0 """" 0 """" 659,23 0 259,6 175 760000 0 0 1 ""PKV"" 0 0 0 0 0 no "
"176339 01/10/2025 07/10/2025 0 0 0 0 """" 0 """" 609,51 44,26 257,64 175 770000 0 0 5 ""1511"" 0 0 0 0 0 no "
"176743 01/10/2025 07/10/2025 0 0 0 0 """" 0 """" 435,71 0 282,25 175 750000 0 0 1 ""3451"" 0 0 0 0 0 no "
"176933 01/10/2025 07/10/2025 0 0 0 0 """" 0 """" 477,53 0 177,98 175 760000 0 0 6 ""0472"" 0 0 0 0 0 no "
"177675 01/10/2025 07/10/2025 0 0 0 0 """" 0 """" 1223,09 0 737,52 175 780000 0 0 3 ""1511"" 0 0 0 0 0 no "
"177873 01/10/2025 07/10/2025 0 0 0 0 """" 0 """" 1137,55 0 1137,55 175 710000 0 0 0 ""0471"" 0 0 0 0 0 no "
"178079 01/10/2025 07/10/2025 0 0 0 0 """" 0 """" 537,22 0 267,86 175 760000 0 0 0 ""7181"" 0 0 0 0 0 no "
"178087 01/10/2025 07/10/2025 0 0 0 0 """" 0 """" 620,37 100,83 280,18 175 770000 0 0 0 ""151?"" 0 0 0 0 0 no "
"185694 01/10/2025 07/10/2025 0 0 0 0 """" 0 """" 337,34 0 337,34 175 760000 0 0 0 ""1422"" 0 0 0 0 0 no "
"186171 01/10/2025 07/10/2025 0 0 0 0 """" 0 """" 612,69 0 191,34 175 760000 0 0 0 """" 0 0 0 0 0 no "
"190447 01/10/2025 07/10/2025 0 0 0 0 """" 0 """" 282,86 0 282,86 177 740000 0 0 1 ""1511"" 0 0 0 0 0 no "
"191585 01/10/2025 07/10/2025 0 0 0 0 """" 0 """" 192,55 0 196 177 770000 0 0 0 ""3451"" 0 0 0 0 0 no "
"205732 01/10/2025 07/10/2025 0 0 0 0 """" 0 """" 1308,15 0 494,35 175 760000 0 0 0 ""PKV"" 0 0 0 0 0 no "
"206722 01/10/2025 07/10/2025 0 0 0 0 """" 0 """" 598,98 44,74 227,58 175 770000 0 0 5 ""PKV"" 0 0 0 0 0 no "
"206870 01/10/2025 07/10/2025 0 0 0 0 """" 0 """" 826,01 0 264,41 175 760000 0 0 3 ""849?"" 0 0 0 0 0 no "
"206938 01/10/2025 07/10/2025 0 0 0 0 """" 0 """" 547 0 254,14 175 760000 0 0 6 ""8492"" 0 0 0 0 0 no "
"206987 01/10/2025 07/10/2025 0 0 0 0 """" 0 """" 1069,97 0 402,2 175 760000 0 0 2 ""8492"" 0 0 0 0 0 no "
"207035 01/10/2025 07/10/2025 0 0 0 0 """" 0 """" 1030,33 0 307,04 175 760000 0 0 6 ""2652"" 0 0 0 0 0 no "
"207464 01/10/2025 07/10/2025 0 0 0 0 """" 0 """" 467,09 0 467,09 175 760000 0 0 1 ""0471"" 0 0 0 0 0 no "
"207498 01/10/2025 07/10/2025 0 0 0 0 """" 0 """" 1169,71 0 1169,71 175 710000 0 0 1 ""8491"" 0 0 0 0 0 no "
"207597 01/10/2025 07/10/2025 0 0 0 0 """" 0 """" 860,94 57,98 311,07 175 770000 0 0 ? ""151?"" 0 0 0 0 0 no "
"208272 01/10/2025 07/10/2025 0 0 0 0 """" 0 """" 1502,63 0 506,09 175 760000 0 0 6 ""151?"" 0 0 0 0 0 no "
"208280 01/10/2025 07/10/2025 0 0 0 0 """" 0 """" 684,53 0 287,84 175 760000 0 0 0 ""1511"" 0 0 0 0 0 no "
"208397 01/10/2025 07/10/2025 0 0 0 0 """" 0 """" 676,45 0 220,18 175 760000 0 0 3 ""1511"" 0 0 0 0 0 no "
"208579 01/10/2025 07/10/2025 0 0 0 0 """" 0 """" 1213,37 0 1213,37 175 710000 0 0 3 ""8491"" 0 0 0 0 0 no "
"209270 01/10/2025 07/10/2025 0 0 0 0 """" 0 """" 630,8 0 630,8 175 740000 0 0 5 ""4161"" 0 0 0 0 0 no "
"215459 01/10/2025 07/10/2025 0 0 0 0 """" 0 """" 501,79 0 128,06 175 760000 0 0 3 ""903"" 0 0 0 0 0 no "
"230078 01/10/2025 07/10/2025 0 0 0 0 """" 0 """" 1554,72 213,94 765,13 175 770000 0 0 1 ""2241"" 0 0 0 0 0 no "
"230227 01/10/2025 07/10/2025 0 0 0 0 """" 0 """" 508,73 0 201,25 175 780000 0 0 6 ""224?"" 0 0 0 0 0 no "
"230516 01/10/2025 07/10/2025 0 0 0 0 """" 0 """" 704,05 202,39 394,53 175 770000 0 0 0 ""PKV"" 0 0 0 0 0 no "
"230763 01/10/2025 07/10/2025 0 0 0 0 """" 0 """" 489,78 0 489,78 175 770000 0 0 3 ""8491"" 0 0 0 0 0 no "
"230789 01/10/2025 07/10/2025 0 0 0 0 """" 0 """" 652,78 0 239,44 175 760000 0 0 0 ""8491"" 0 0 0 0 0 no "
"231720 01/10/2025 07/10/2025 0 0 0 0 """" 0 """" 643,4 39,53 343,04 175 770000 0 0 0 ""4971"" 0 0 0 0 0 no "
"232082 01/10/2025 07/10/2025 0 0 0 0 """" 0 """" 719,06 0 235,42 175 760000 0 0 3 ""151?"" 0 0 0 0 0 no "
"232249 01/10/2025 07/10/2025 0 0 0 0 """" 0 """" 788,03 0 788,03 175 760000 0 0 1 ""1511"" 0 0 0 0 0 no "
"232439 01/10/2025 07/10/2025 0 0 0 0 """" 0 """" 1563,37 0 1563,37 175 710000 0 0 3 ""1511"" 0 0 0 0 0 no "
"252585 01/10/2025 07/10/2025 0 0 0 0 """" 0 """" 4564,87 0 4564,87 175 710000 0 0 3 ""1511"" 0 0 0 0 0 no "
"253286 01/10/2025 07/10/2025 0 0 0 0 """" 0 """" 1392,57 0 1392,57 175 710000 0 0 3 ""1912"" 0 0 0 0 0 no "
"253864 01/10/2025 07/10/2025 0 0 0 0 """" 0 """" 416,15 0 109,86 175 760000 0 0 0 ""8491"" 0 0 0 0 0 no "
"254482 01/10/2025 07/10/2025 0 0 0 0 """" 0 """" 269,67 0 144,38 175 740000 0 0 0 ""8490"" 0 0 0 0 0 no "
"255281 01/10/2025 07/10/2025 0 0 0 0 """" 0 """" 554,02 76,11 257,91 175 770000 0 0 3 ""8812"" 0 0 0 0 0 no "
"255638 01/10/2025 07/10/2025 0 0 0 0 """" 0 """" 845,34 92,99 410,78 175 770000 0 0 5 ""2440"" 0 0 0 0 0 no "
"255935 01/10/2025 07/10/2025 0 0 0 0 """" 0 """" 467,57 0 133,16 175 760000 0 0 1 ""8812"" 0 0 0 0 0 no "
"256081 01/10/2025 07/10/2025 0 0 0 0 """" 0 """" 682,66 0 273,06 175 760000 0 0 3 ""7081"" 0 0 0 0 0 no "
"256313 01/10/2025 07/10/2025 0 0 0 0 """" 0 """" 450,74 0 169,03 175 791000 0 0 1 ""0471"" 0 0 0 0 0 no "
"256727 01/10/2025 07/10/2025 0 0 0 0 """" 0 """" 505,02 0 258,27 175 760000 0 0 3 ""2442"" 0 0 0 0 0 no "
"256883 01/10/2025 07/10/2025 0 0 0 0 """" 0 """" 280,19 35,35 127,17 175 770000 0 0 4 ""2442"" 0 0 0 0 0 no "
"258624 01/10/2025 07/10/2025 0 0 0 0 """" 0 """" 214,04 0 86,22 175 760000 0 0 6 ""8492"" 0 0 0 0 0 no "
"259010 01/10/2025 07/10/2025 0 0 0 0 """" 0 """" 479,81 0 158,82 175 760000 0 0 0 ""2441"" 0 0 0 0 0 no "
"265024 01/10/2025 07/10/2025 0 0 0 0 """" 0 """" 694,41 0 257 175 760000 0 0 0 ""0472"" 0 0 0 0 0 no "
"269035 01/10/2025 07/10/2025 0 0 0 0 """" 0 """" 229,29 0 229,29 177 750000 0 0 3 ""2441"" 0 0 0 0 0 no "
"269076 01/10/2025 07/10/2025 0 0 0 0 """" 0 """" 1385,76 0 1385,76 177 710000 0 0 3 ""1421"" 0 0 0 0 0 no "
"280040 01/10/2025 07/10/2025 5281,13 422,54 0 0 """" 0 """" 6573,32 0 2921,18 175 710000 0 1 6 ""PKV"" 0 0 0 0 0 no "
"280149 01/10/2025 07/10/2025 0 0 0 0 """" 0 """" 889,97 254,51 615,58 175 770000 0 0 3 ""1511"" 0 0 0 0 0 no "
"280271 01/10/2025 07/10/2025 0 0 0 0 """" 0 """" 2046,7 0 1436,99 175 710000 0 0 0 ""4860"" 0 0 0 0 0 no "
"280388 01/10/2025 07/10/2025 0 0 0 0 """" 0 """" 1441,07 0 558,99 175 760000 0 2 4 ""1510"" 0 0 0 0 0 no "
"280396 01/10/2025 07/10/2025 0 0 0 0 """" 0 """" 1607,3 349,83 925,5 175 770000 500448 0 6 ""PKV"" 0 0 0 0 0 no "
"280461 01/10/2025 07/10/2025 0 0 0 0 """" 0 """" 1186,49 0 1186,49 175 710000 0 0 1 ""0471"" 0 0 0 0 0 no "
"280503 01/10/2025 07/10/2025 0 0 0 0 """" 0 """" 442,51 0 223,38 175 710000 0 0 5 ""0471"" 0 0 0 0 0 no "
"280677 01/10/2025 07/10/2025 0 0 0 0 """" 0 """" 1213,56 0 672,92 175 710000 0 0 3 ""0471"" 0 0 0 0 0 no "
"280693 01/10/2025 07/10/2025 0 0 0 0 """" 0 """" 1481,3 0 700,65 175 710000 0 0 1 ""5300"" 0 0 0 0 0 no "
"280784 01/10/2025 07/10/2025 0 0 0 0 """" 0 """" 982,06 0 608,98 175 710000 0 0 4 ""0471"" 0 0 0 0 0 no "
"280891 01/10/2025 07/10/2025 0 0 0 0 """" 0 """" 878,53 0 642,47 175 710000 0 0 3 ""5301"" 0 0 0 0 0 no "
"281303 01/10/2025 07/10/2025 0 0 0 0 """" 0 """" 614,15 50,67 255,38 175 770000 0 0 3 ""849?"" 0 0 0 0 0 no "
"281451 01/10/2025 07/10/2025 0 0 0 0 """" 0 """" 933,11 85,7 492,71 175 770000 0 0 3 ""PKV"" 0 0 0 0 0 no "
"281592 01/10/2025 07/10/2025 0 0 0 0 """" 0 """" 545,56 68,19 216,94 175 770000 0 0 4 ""849?"" 0 0 0 0 0 no "
"281600 01/10/2025 07/10/2025 0 0 0 0 """" 0 """" 610,6 24,34 257,61 175 770000 0 0 4 ""7171"" 0 0 0 0 0 no "
"281683 01/10/2025 07/10/2025 0 0 0 0 """" 0 """" 529,84 49,42 194,51 175 770000 0 0 5 ""5300"" 0 0 0 0 0 no "
"281790 01/10/2025 07/10/2025 0 0 0 0 """" 0 """" 315,02 20,46 147,65 175 770000 0 0 1 ""0472"" 0 0 0 0 0 no "
"281816 01/10/2025 07/10/2025 0 0 0 0 """" 0 """" 892,65 0 469,89 175 760000 0 0 5 ""1510"" 0 0 0 0 0 no "
"281840 01/10/2025 07/10/2025 0 0 0 0 """" 0 """" 755,69 0 311,42 175 760000 0 0 5 ""PKV"" 0 0 0 0 0 no "
"281931 01/10/2025 07/10/2025 0 0 0 0 """" 0 """" 950,46 0 353,57 175 760000 0 0 3 ""1510"" 0 0 0 0 0 no "
"282020 01/10/2025 07/10/2025 0 0 0 0 """" 0 """" 927,87 0 328,93 175 760000 0 0 0 ""PKV"" 0 0 0 0 0 no "
"282053 01/10/2025 07/10/2025 0 0 0 0 """" 0 """" 723,82 0 274,76 175 760000 0 0 0 ""1512"" 0 0 0 0 0 no "
"282145 01/10/2025 07/10/2025 0 0 0 0 """" 0 """" 1243,01 0 572,28 175 760000 0 0 6 ""5302"" 0 0 0 0 0 no "
"282178 01/10/2025 07/10/2025 0 0 0 0 """" 0 """" 546,02 0 175,27 175 760000 0 0 0 ""721?"" 0 0 0 0 0 no "
"282194 01/10/2025 07/10/2025 0 0 0 0 """" 0 """" 568,67 0 200,46 175 760000 0 0 4 ""151?"" 0 0 0 0 0 no "
"282210 01/10/2025 07/10/2025 0 0 0 0 """" 0 """" 571,87 0 246,76 175 760000 0 0 5 ""1511"" 0 0 0 0 0 no "
"282368 01/10/2025 07/10/2025 0 0 0 0 """" 0 """" 578,48 0 179,5 175 760000 0 0 0 ""0470"" 0 0 0 0 0 no "
"282376 01/10/2025 07/10/2025 0 0 0 0 """" 0 """" 486,24 0 150,88 175 760000 0 0 0 ""PKV"" 0 0 0 0 0 no "
"282384 01/10/2025 07/10/2025 0 0 0 0 """" 0 """" 650,91 0 216,95 175 760000 0 0 0 ""530"" 0 0 0 0 0 no "
"282525 01/10/2025 07/10/2025 0 0 0 0 """" 0 """" 698,14 0 219,91 175 760000 0 0 0 ""1511"" 0 0 0 0 0 no "
"282541 01/10/2025 07/10/2025 0 0 0 0 """" 0 """" 467,07 0 142,32 175 760000 0 0 0 ""849?"" 0 0 0 0 0 no "
"283002 01/10/2025 07/10/2025 0 0 0 0 """" 0 """" 1038,72 0 327,61 175 760000 0 0 ? ""PKV"" 0 0 0 0 0 no "
"283101 01/10/2025 07/10/2025 0 0 0 0 """" 0 """" 664,45 0 220,27 175 760000 0 0 1 ""PKV"" 0 0 0 0 0 no "
"283192 01/10/2025 07/10/2025 0 0 0 0 """" 0 """" 618,78 0 210,63 175 760000 0 0 0 ""0472"" 0 0 0 0 0 no "
"283481 01/10/2025 07/10/2025 0 0 0 0 """" 0 """" 551,06 28,35 255,15 175 770000 0 0 6 ""5302"" 0 0 0 0 0 no "
"283705 01/10/2025 07/10/2025 0 0 0 0 """" 0 """" 461,25 11,57 155,02 175 770000 0 0 3 ""5302"" 0 0 0 0 0 no "
"283770 01/10/2025 07/10/2025 0 0 0 0 """" 0 """" 548,38 0 167,37 175 760000 0 0 5 ""5300"" 0 0 0 0 0 no "
"283861 01/10/2025 07/10/2025 0 0 0 0 """" 0 """" 468,36 0 143,97 175 760000 0 0 0 ""PKV"" 0 0 0 0 0 no "
"284091 01/10/2025 07/10/2025 0 0 0 0 """" 0 """" 424,78 0 123,65 175 760000 0 0 1 ""4862"" 0 0 0 0 0 no "
"299781 01/10/2025 07/10/2025 0 0 0 0 """" 0 """" 7071,86 0 4498,41 175 760000 0 2 3 ""2115"" 0 0 0 0 0 no "
"301531 01/10/2025 07/10/2025 0 0 0 0 """" 0 """" 507,41 0 153,44 175 760000 0 0 3 ""8492"" 0 0 0 0 0 no "
"310003 01/10/2025 07/10/2025 0 0 0 0 """" 0 """" 210,25 0 210,25 175 760000 0 0 6 ""2652"" 0 0 0 0 0 no "
"310011 01/10/2025 07/10/2025 0 0 0 0 """" 0 """" 846,75 0 846,75 175 760000 0 0 4 ""0472"" 0 0 0 0 0 no "
"310250 01/10/2025 07/10/2025 0 0 0 0 """" 0 """" 6200,98 0 6200,98 175 820000 0 0 0 ""8490"" 0 0 0 0 0 no "
"310573 01/10/2025 07/10/2025 0 0 0 0 """" 0 """" 1662,09 0 1662,09 175 770000 0 0 3 ""3451"" 0 0 0 0 0 no "
"310615 01/10/2025 07/10/2025 0 0 0 0 """" 0 """" 2504,7 0 2504,7 175 710000 0 0 0 ""1511"" 0 0 0 0 0 no "
"310680 01/10/2025 07/10/2025 0 0 0 0 """" 0 """" 2152,45 0 2152,45 175 710000 0 0 0 ""0471"" 0 0 0 0 0 no "
"310730 01/10/2025 07/10/2025 0 0 0 0 """" 0 """" 1919,99 0 1919,99 175 770000 0 0 0 ""1511"" 0 0 0 0 0 no "
"310854 01/10/2025 07/10/2025 0 0 0 0 """" 0 """" 1595,47 0 1007,7 175 760000 0 0 6 ""PKV"" 0 0 0 0 0 no "
"310961 01/10/2025 07/10/2025 0 0 0 0 """" 0 """" 879,38 0 879,38 175 750000 0 0 3 ""1422"" 0 0 0 0 0 no "
"310979 01/10/2025 07/10/2025 0 0 0 0 """" 0 """" 914,24 0 914,24 175 750000 0 0 0 ""1511"" 0 0 0 0 0 no "
"311142 01/10/2025 07/10/2025 0 0 0 0 """" 0 """" 617,87 0 448,08 175 750000 0 0 5 ""1511"" 0 0 0 0 0 no "
"311191 01/10/2025 07/10/2025 0 0 0 0 """" 0 """" 1034,81 0 1034,81 175 770000 0 0 0 ""8491"" 0 0 0 0 0 no "
"311340 01/10/2025 07/10/2025 0 0 0 0 """" 0 """" 2215,24 0 2215,24 175 770000 0 0 0 ""1511"" 0 0 0 0 0 no "
"311472 01/10/2025 07/10/2025 0 0 0 0 """" 0 """" 1185,88 0 432,13 175 760000 0 0 6 ""PKV"" 0 0 0 0 0 no "
"312066 01/10/2025 07/10/2025 0 0 0 0 """" 0 """" 1227,96 58,22 775,15 175 770000 0 0 5 ""0471"" 0 0 0 0 0 no "
"312884 01/10/2025 07/10/2025 0 0 0 0 """" 0 """" 1229,47 198,7 555,24 175 770000 0 0 3 ""1511"" 0 0 0 0 0 no "
"313130 01/10/2025 07/10/2025 0 0 0 0 """" 0 """" 484,77 0 138,26 175 760000 0 0 0 """" 0 0 0 0 0 no "
"313650 01/10/2025 07/10/2025 0 0 0 0 """" 0 """" 451,23 0 451,23 175 760000 0 0 1 ""4891"" 0 0 0 0 0 no "
"314864 01/10/2025 07/10/2025 0 0 0 0 """" 0 """" 402,73 0 402,73 177 770000 0 0 1 ""8492"" 0 0 0 0 0 no "
"315218 01/10/2025 07/10/2025 0 0 0 0 """" 0 """" 617,32 0 617,32 177 770000 0 0 1 ""0471"" 0 0 0 0 0 no "
"318501 01/10/2025 07/10/2025 0 0 0 0 """" 0 """" 341,6 0 133,33 175 760000 0 0 ? ""3051"" 0 0 0 0 0 no "
"318758 01/10/2025 07/10/2025 0 0 0 0 """" 0 """" 477,82 0 141,15 175 760000 0 0 3 ""BKK"" 0 0 0 0 0 no "
"319160 01/10/2025 07/10/2025 0 0 0 0 """" 0 """" 1242,95 154,45 616,08 175 770000 0 0 1 ""0470"" 0 0 0 0 0 no "
"319285 01/10/2025 07/10/2025 0 0 0 0 """" 0 """" 633,34 105,69 312,58 175 770000 0 0 0 ""0472"" 0 0 0 0 0 no "
"319368 01/10/2025 07/10/2025 0 0 0 0 """" 0 """" 312,36 0 102,74 175 760000 0 0 1 ""0471"" 0 0 0 0 0 no "
"319681 01/10/2025 07/10/2025 0 0 0 0 """" 0 """" 1544,96 0 651,82 175 710000 0 0 5 ""8811"" 0 0 0 0 0 no "
"320747 01/10/2025 07/10/2025 0 0 0 0 """" 0 """" 3220,15 0 1774,3 175 780000 0 0 3 ""1511"" 0 0 0 0 0 no "
"321174 01/10/2025 07/10/2025 0 0 0 0 """" 0 """" 1499,61 0 616,19 175 760000 0 0 0 ""2412"" 0 0 0 0 0 no "
"321323 01/10/2025 07/10/2025 0 0 0 0 """" 0 """" 1456,42 195,14 736,99 175 770000 0 0 6 ""0471"" 0 0 0 0 0 no "
"321505 01/10/2025 07/10/2025 0 0 0 0 """" 0 """" 2713,75 0 2713,75 175 740000 0 0 0 ""8491"" 0 0 0 0 0 no "
"321596 01/10/2025 07/10/2025 0 0 0 0 """" 0 """" 1248,65 199,55 526,76 175 770000 0 0 6 ""1510"" 0 0 0 0 0 no "
"321729 01/10/2025 07/10/2025 0 0 0 0 """" 0 """" 601,03 0 240,95 175 760000 0 0 0 ""1512"" 0 0 0 0 0 no "
"321869 01/10/2025 07/10/2025 0 0 0 0 """" 0 """" 810,73 0 515,71 175 710000 0 0 1 ""1511"" 0 0 0 0 0 no "
"321877 01/10/2025 07/10/2025 0 0 0 0 """" 0 """" 995,59 0 396,15 175 760000 0 0 5 ""3431"" 0 0 0 0 0 no "
"321984 01/10/2025 07/10/2025 0 0 0 0 """" 0 """" 1365,63 0 667,79 175 781000 0 0 1 ""7182"" 0 0 0 0 0 no "
"322131 01/10/2025 07/10/2025 0 0 0 0 """" 0 """" 2249,35 0 2249,35 175 760000 0 0 3 ""2111"" 0 0 0 0 0 no "
"322198 01/10/2025 07/10/2025 0 0 0 0 """" 0 """" 1600,43 0 1600,43 175 750000 0 0 3 ""0471"" 0 0 0 0 0 no "
"322313 01/10/2025 07/10/2025 0 0 0 0 """" 0 """" 867,37 94,66 338,68 175 770000 0 0 5 ""PKV"" 0 0 0 0 0 no "
"322529 01/10/2025 07/10/2025 0 0 0 0 """" 0 """" 1534,36 0 1534,36 175 710000 0 0 3 ""8811"" 0 0 0 0 0 no "
"322545 01/10/2025 14/10/2025 0 0 0 0 """" 0 """" 1843,33 0 1843,33 175 760000 0 0 3 ""849"" 0 0 0 0 0 no "
"322594 01/10/2025 07/10/2025 0 0 0 0 """" 0 """" 1016,61 0 326,33 175 760000 0 0 0 ""1511"" 0 0 0 0 0 no "
"322958 01/10/2025 07/10/2025 0 0 0 0 """" 0 """" 456,19 28,49 166,94 175 770000 0 0 6 ""849?"" 0 0 0 0 0 no "
"323022 01/10/2025 07/10/2025 0 0 0 0 """" 0 """" 1802,96 0 899,5 175 760000 0 0 3 ""8491"" 0 0 0 0 0 no "
"323204 01/10/2025 07/10/2025 0 0 0 0 """" 0 """" 1291,55 0 1291,55 175 760000 0 0 1 ""8491"" 0 0 0 0 0 no "
"323295 01/10/2025 07/10/2025 0 0 0 0 """" 0 """" 1153,98 0 344,69 175 760000 0 0 6 ""151?"" 0 0 0 0 0 no "
"323468 01/10/2025 07/10/2025 0 0 0 0 """" 0 """" 487,25 102,25 219,71 175 770000 0 0 0 ""1511"" 0 0 0 0 0 no "
"323519 01/10/2025 07/10/2025 0 0 0 0 """" 0 """" 845,35 0 226,98 175 760000 0 0 5 ""8491"" 0 0 0 0 0 no "
"323592 01/10/2025 07/10/2025 0 0 0 0 """" 0 """" 641,9 0 641,9 175 760000 0 0 0 ""0471"" 0 0 0 0 0 no "
"323753 01/10/2025 07/10/2025 0 0 0 0 """" 0 """" 469,08 0 180,5 175 760000 0 0 3 ""8491"" 0 0 0 0 0 no "
"324095 01/10/2025 07/10/2025 0 0 0 0 """" 0 """" 1315,12 0 1315,12 175 710000 0 0 3 ""8811"" 0 0 0 0 0 no "
"324178 01/10/2025 07/10/2025 0 0 0 0 """" 0 """" 899,3 0 899,3 175 740000 0 0 4 ""3051"" 0 0 0 0 0 no "
"325373 01/10/2025 07/10/2025 0 0 0 0 """" 0 """" 4575,63 0 4575,63 177 760000 0 0 1 ""PKV"" 0 0 0 0 0 no "
"326207 01/10/2025 07/10/2025 0 0 0 0 """" 0 """" 670,37 0 670,37 173 760000 0 0 1 ""0471"" 0 0 0 0 0 no "
"326777 01/10/2025 07/10/2025 0 0 0 0 """" 0 """" 441,74 0 206,69 175 760000 0 0 1 ""8492"" 0 0 0 0 0 no "
"326991 01/10/2025 07/10/2025 0 0 0 0 """" 0 """" 428,84 0 209,75 175 760000 0 0 0 ""8491"" 0 0 0 0 0 no "
"327403 01/10/2025 07/10/2025 0 0 0 0 """" 0 """" 2008,38 0 720,21 175 760000 0 0 5 ""PKV"" 0 0 0 0 0 no "
"335638 01/10/2025 07/10/2025 0 0 0 0 """" 0 """" 750,23 0 750,23 177 770000 0 0 1 ""0471"" 0 0 0 0 0 no "
"336685 01/10/2025 07/10/2025 0 0 0 0 """" 0 """" 2601,13 0 2601,13 175 710000 0 0 3 ""8490"" 0 0 0 0 0 no "
"336727 01/10/2025 07/10/2025 0 0 0 0 """" 0 """" 603,87 0 235,57 175 760000 0 0 3 ""2651"" 0 0 0 0 0 no "
"336768 01/10/2025 07/10/2025 0 0 0 0 """" 0 """" 2220,53 0 2220,53 175 740000 0 0 0 ""0471"" 0 0 0 0 0 no "
"336982 01/10/2025 07/10/2025 0 0 0 0 """" 0 """" 1023,26 0 1023,26 175 750000 0 0 1 ""8491"" 0 0 0 0 0 no "
"337006 01/10/2025 07/10/2025 0 0 0 0 """" 0 """" 711,32 0 458,73 175 750000 0 0 1 ""047?"" 0 0 0 0 0 no "
"337022 01/10/2025 07/10/2025 0 0 0 0 """" 0 """" 515,95 0 369,88 175 750000 0 0 4 ""8495"" 0 0 0 0 0 no "
"337097 01/10/2025 07/10/2025 0 0 0 0 """" 0 """" 376,76 0 175,42 175 750000 0 0 5 ""8491"" 0 0 0 0 0 no "
"337117 01/10/2025 07/10/2025 0 0 0 0 """" 0 """" 548,37 35,75 328,2 175 770000 0 0 4 ""0471"" 0 0 0 0 0 no "
"337212 01/10/2025 07/10/2025 0 0 0 0 """" 0 """" 674,5 0 674,5 175 770000 0 0 3 ""3052"" 0 0 0 0 0 no "
"337329 01/10/2025 07/10/2025 0 0 0 0 """" 0 """" 803,35 0 471,89 175 760000 0 0 0 ""0472"" 0 0 0 0 0 no "
"337345 01/10/2025 07/10/2025 0 0 0 0 """" 0 """" 1025,87 0 377,93 173 760000 0 2 5 ""0472"" 0 0 0 0 0 no "
"337360 01/10/2025 07/10/2025 0 0 0 0 """" 0 """" 849,07 0 849,07 175 760000 0 0 4 ""1511"" 0 0 0 0 0 no "
"337451 01/10/2025 07/10/2025 0 0 0 0 """" 0 """" 770,28 0 770,28 175 760000 0 0 0 ""0101"" 0 0 0 0 0 no "
"337808 01/10/2025 07/10/2025 0 0 0 0 """" 0 """" 554,49 0 362,86 175 750000 0 0 5 ""PKV"" 0 0 0 0 0 no "
"337816 01/10/2025 07/10/2025 0 0 0 0 """" 0 """" 330,55 0 95 175 760000 0 0 5 ""1511"" 0 0 0 0 0 no "
"337956 01/10/2025 07/10/2025 0 0 0 0 """" 0 """" 1599,68 0 1599,68 175 760000 0 0 3 ""8491"" 0 0 0 0 0 no "
"338129 01/10/2025 07/10/2025 0 0 0 0 """" 0 """" 1181,64 0 1181,64 175 760000 0 0 1 ""0471"" 0 0 0 0 0 no "
"338186 01/10/2025 07/10/2025 0 0 0 0 """" 0 """" 912,16 184,64 678,48 175 770000 0 0 3 ""2651"" 0 0 0 0 0 no "
"338301 01/10/2025 07/10/2025 0 0 0 0 """" 0 """" 270,18 0 136,09 175 770000 0 0 5 ""8492"" 0 0 0 0 0 no "
"338921 01/10/2025 07/10/2025 0 0 0 0 """" 0 """" 1144,82 0 1144,82 175 760000 0 0 0 ""PKV"" 0 0 0 0 0 no "
"339515 01/10/2025 07/10/2025 0 0 0 0 """" 0 """" 425,55 0 175,58 175 760000 0 0 1 ""2411"" 0 0 0 0 0 no "
"339713 01/10/2025 07/10/2025 0 0 0 0 """" 0 """" 572,29 0 342,4 175 760000 0 0 3 ""8491"" 0 0 0 0 0 no "
"339879 01/10/2025 07/10/2025 0 0 0 0 """" 0 """" 568,83 0 149,72 175 760000 0 0 3 ""KKH"" 0 0 0 0 0 no "
"340190 01/10/2025 07/10/2025 0 0 0 0 """" 0 """" 581,18 0 581,18 175 760000 0 0 3 ""3451"" 0 0 0 0 0 no "
"340463 01/10/2025 07/10/2025 0 0 0 0 """" 0 """" 315,55 0 239,41 175 760000 0 0 5 ""3451"" 0 0 0 0 0 no "
"340802 01/10/2025 07/10/2025 0 0 0 0 """" 0 """" 387,37 0 387,37 175 750000 0 0 3 ""3921"" 0 0 0 0 0 no "
"340810 01/10/2025 07/10/2025 0 0 0 0 """" 0 """" 456,96 0 294,42 175 760000 0 0 0 ""3921"" 0 0 0 0 0 no "
"345132 01/10/2025 07/10/2025 0 0 0 0 """" 0 """" 362,98 0 145,19 175 760000 0 0 0 ""3451"" 0 0 0 0 0 no "
"345520 01/10/2025 07/10/2025 0 0 0 0 """" 0 """" 597,39 0 597,39 173 760000 0 0 4 ""0471"" 0 0 0 0 0 no "
"400709 01/10/2025 07/10/2025 0 0 0 0 """" 0 """" 1655,37 0 1655,37 177 710000 0 0 3 ""0471"" 0 0 0 0 0 no "
"400908 01/10/2025 07/10/2025 0 0 0 0 """" 0 """" 603,29 121,14 380,15 177 770000 0 0 6 ""2112"" 0 0 0 0 0 no "
"401176 01/10/2025 07/10/2025 0 0 0 0 """" 0 """" 74,68 0 74,68 175 760000 0 0 5 ""2111"" 0 0 0 0 0 no "
"401215 01/10/2025 07/10/2025 0 0 0 0 """" 0 """" 423,47 0 423,47 177 770000 0 0 1 ""1421"" 0 0 0 0 0 no "
"401279 01/10/2025 07/10/2025 0 0 0 0 """" 0 """" 192,06 0 196 177 750000 0 0 1 ""8492"" 0 0 0 0 0 no "
"401642 01/10/2025 07/10/2025 0 0 0 0 """" 0 """" 2291,81 0 2291,81 177 710000 0 0 0 ""1511"" 0 0 0 0 0 no "
"401747 01/10/2025 07/10/2025 0 0 0 0 """" 0 """" 440,11 0 440,11 177 770000 0 0 4 ""8492"" 0 0 0 0 0 no "
"401772 01/10/2025 07/10/2025 0 0 0 0 """" 0 """" 482,81 0 482,81 177 760000 0 0 0 ""8490"" 0 0 0 0 0 no "
"401801 01/10/2025 07/10/2025 0 0 0 0 """" 0 """" 399,08 0 399,08 177 740000 0 0 3 ""2651"" 0 0 0 0 0 no "
"401864 01/10/2025 07/10/2025 0 0 0 0 """" 0 """" 947,26 0 947,26 177 770000 0 0 3 ""8491"" 0 0 0 0 0 no "
"402357 01/10/2025 07/10/2025 0 0 0 0 """" 0 """" 464,05 0 464,05 177 770000 0 0 3 ""5300"" 0 0 0 0 0 no "
"402539 01/10/2025 07/10/2025 0 0 0 0 """" 0 """" 303,27 0 303,27 177 710000 0 0 3 ""2441"" 0 0 0 0 0 no "
"402703 01/10/2025 07/10/2025 0 0 0 0 """" 0 """" 383,06 0 217,88 177 710000 0 0 6 ""PKV"" 0 0 0 0 0 no "
"403028 01/10/2025 07/10/2025 0 0 0 0 """" 0 """" 353,79 0 353,79 177 770000 0 0 1 ""8491"" 0 0 0 0 0 no "
"403039 01/10/2025 07/10/2025 0 0 0 0 """" 0 """" 1835,77 0 851,43 177 780000 0 0 0 ""1421"" 0 0 0 0 0 no "
"403115 01/10/2025 07/10/2025 0 0 0 0 """" 0 """" 405,46 0 405,46 177 760000 0 0 0 ""1511"" 0 0 0 0 0 no "
"403241 01/10/2025 07/10/2025 0 0 0 0 """" 0 """" 2067,09 0 2067,09 177 710000 0 0 3 ""1511"" 0 0 0 0 0 no "
"403366 01/10/2025 07/10/2025 0 0 0 0 """" 0 """" 1114,87 0 1114,87 177 710000 0 0 3 ""0471"" 0 0 0 0 0 no "
"403438 01/10/2025 07/10/2025 0 0 0 0 """" 0 """" 881,14 408,63 561,96 177 770000 0 0 6 ""8491"" 0 0 0 0 0 no "
"403448 01/10/2025 07/10/2025 0 0 0 0 """" 0 """" 898,28 0 898,28 177 710000 0 0 1 ""1511"" 0 0 0 0 0 no "
"403542 01/10/2025 07/10/2025 0 0 0 0 """" 0 """" 87,54 0 87,54 176 860000 0 1 6 ""1510"" 0 0 0 0 0 no "
"403554 01/10/2025 07/10/2025 0 0 0 0 """" 0 """" 437,95 0 437,95 177 740000 0 0 1 ""3451"" 0 0 0 0 0 no "
"403569 01/10/2025 07/10/2025 0 0 0 0 """" 0 """" 2076,7 0 2076,7 177 710000 0 0 3 ""8490"" 0 0 0 0 0 no "
"403701 01/10/2025 07/10/2025 0 0 0 0 """" 0 """" 370,64 28,51 209,02 177 770000 0 0 3 ""8491"" 0 0 0 0 0 no "
"403920 01/10/2025 07/10/2025 0 0 0 0 """" 0 """" 439,41 0 180,2 177 750000 0 0 0 ""0471"" 0 0 0 0 0 no "
"403931 01/10/2025 07/10/2025 0 0 0 0 """" 0 """" 967,85 0 967,85 177 770000 0 0 1 ""0471"" 0 0 0 0 0 no "
"404047 01/10/2025 07/10/2025 0 0 0 0 """" 0 """" 148,03 0 148,03 177 860000 0 0 5 ""2651"" 0 0 0 0 0 no "
"404075 01/10/2025 07/10/2025 0 0 0 0 """" 0 """" 212,11 0 212,11 177 760000 0 0 5 ""0471"" 0 0 0 0 0 no "
"404076 01/10/2025 07/10/2025 0 0 0 0 """" 0 """" 236,13 0 90,72 177 760000 0 0 6 ""1511"" 0 0 0 0 0 no "
"404307 01/10/2025 07/10/2025 0 0 0 0 """" 0 """" 392,46 0 392,46 177 760000 0 0 1 ""6201"" 0 0 0 0 0 no "
"404379 01/10/2025 07/10/2025 0 0 0 0 """" 0 """" 954,18 0 954,18 177 710000 0 0 3 ""8491"" 0 0 0 0 0 no "
"404663 01/10/2025 07/10/2025 0 0 0 0 """" 0 """" 1156,28 0 1156,28 177 760000 0 0 3 ""1511"" 0 0 0 0 0 no "
"404729 01/10/2025 07/10/2025 0 0 0 0 """" 0 """" 282,85 0 171,29 177 760000 0 0 3 ""3112"" 0 0 0 0 0 no "
"404850 01/10/2025 07/10/2025 0 0 0 0 """" 0 """" 528,63 0 528,63 177 710000 0 0 1 ""0471"" 0 0 0 0 0 no "
"404900 01/10/2025 07/10/2025 0 0 0 0 """" 0 """" 370,83 0 370,83 177 770000 0 0 6 ""7172"" 0 0 0 0 0 no "
"404906 01/10/2025 07/10/2025 0 0 0 0 """" 0 """" 311,17 0 311,17 177 750000 0 0 0 ""3451"" 0 0 0 0 0 no "
"404932 01/10/2025 07/10/2025 0 0 0 0 """" 0 """" 2001,04 0 2001,04 177 710000 0 0 1 ""2652"" 0 0 0 0 0 no "
"405129 01/10/2025 07/10/2025 0 0 0 0 """" 0 """" 339,08 0 339,08 177 770000 0 0 0 ""8491"" 0 0 0 0 0 no "
"405174 01/10/2025 07/10/2025 0 0 0 0 """" 0 """" 273,35 0 273,35 177 760000 0 0 1 ""8492"" 0 0 0 0 0 no "
"500002 01/10/2025 07/10/2025 0 0 0 0 """" 0 """" 731,9 0 731,9 177 710000 0 0 ? ""PKV"" 0 0 0 0 0 no "
"500012 01/10/2025 07/10/2025 0 0 0 0 """" 0 """" 540,82 0 161,81 177 760000 0 0 3 ""8492"" 0 0 0 0 0 no "
"500014 01/10/2025 07/10/2025 0 0 0 0 """" 0 """" 951,91 0 951,91 177 710000 0 0 3 ""1512"" 0 0 0 0 0 no "
"500034 01/10/2025 07/10/2025 0 0 0 0 """" 0 """" 476,01 0 476,01 177 770000 0 0 3 ""0472"" 0 0 0 0 0 no "
"500042 01/10/2025 07/10/2025 0 0 0 0 """" 0 """" 229,11 0 229,11 177 760000 0 0 6 ""0472"" 0 0 0 0 0 no "
"500046 01/10/2025 07/10/2025 0 0 0 0 """" 0 """" 979,58 0 979,58 177 710000 0 0 0 ""3051"" 0 0 0 0 0 no "
"500057 01/10/2025 07/10/2025 0 0 0 0 """" 0 """" 385,42 0 385,42 177 740000 0 0 0 ""0472"" 0 0 0 0 0 no "
"500060 01/10/2025 07/10/2025 0 0 0 0 """" 0 """" 553,34 0 553,34 177 770000 0 0 3 ""0471"" 0 0 0 0 0 no "
"500061 01/10/2025 07/10/2025 0 0 0 0 """" 0 """" 913,83 150,69 480,06 177 770000 0 0 3 ""1511"" 0 0 0 0 0 no "
"500086 01/10/2025 07/10/2025 0 0 0 0 """" 0 """" 1327,78 0 1327,78 177 710000 0 0 3 ""8491"" 0 0 0 0 0 no "
"500090 01/10/2025 07/10/2025 0 0 0 0 """" 0 """" 477,28 0 334,38 177 750000 0 0 3 ""0471"" 0 0 0 0 0 no "
"500101 01/10/2025 07/10/2025 0 0 0 0 """" 0 """" 287,2 0 287,2 177 750000 0 0 4 ""8492"" 0 0 0 0 0 no "
"500161 01/10/2025 07/10/2025 0 0 0 0 """" 0 """" 684,24 0 684,24 177 710000 0 0 0 ""2411"" 0 0 0 0 0 no "
"500165 01/10/2025 07/10/2025 0 0 0 0 """" 0 """" 270,99 0 270,99 177 760000 0 0 ? ""8492"" 0 0 0 0 0 no "
"500169 01/10/2025 07/10/2025 0 0 0 0 """" 0 """" 511,65 0 312,82 177 760000 0 0 3 ""8491"" 0 0 0 0 0 no "
"500207 01/10/2025 07/10/2025 0 0 0 0 """" 0 """" 331,89 0 175,77 177 760000 0 0 ? ""3451"" 0 0 0 0 0 no "
"500217 01/10/2025 07/10/2025 0 0 0 0 """" 0 """" 802,92 0 547,75 177 710000 0 0 0 ""8491"" 0 0 0 0 0 no "
"500221 01/10/2025 07/10/2025 0 0 0 0 """" 0 """" 378,13 0 184,04 177 750000 0 0 3 ""0472"" 0 0 0 0 0 no "
"500223 01/10/2025 07/10/2025 0 0 0 0 """" 0 """" 284,53 0 284,53 177 740000 0 0 ? ""3051"" 0 0 0 0 0 no "
"500224 01/10/2025 07/10/2025 0 0 0 0 """" 0 """" 1089,21 0 1089,21 177 710000 0 0 0 ""PKV"" 0 0 0 0 0 no "
"500227 01/10/2025 07/10/2025 0 0 0 0 """" 0 """" 888,32 0 593,58 177 710000 0 0 3 ""8492"" 0 0 0 0 0 no "
"500229 01/10/2025 07/10/2025 0 0 0 0 """" 0 """" 322,69 0 322,69 177 760000 0 0 0 ""0472"" 0 0 0 0 0 no "
"500230 01/10/2025 07/10/2025 0 0 0 0 """" 0 """" 686,13 0 686,13 177 710000 176933 0 0 ""0472"" 0 0 0 0 0 no "
"500235 01/10/2025 07/10/2025 0 0 0 0 """" 0 """" 2236,17 0 2236,17 177 710000 0 0 0 ""0471"" 0 0 0 0 0 no "
"500242 01/10/2025 07/10/2025 0 0 0 0 """" 0 """" 808,16 89,94 458,32 177 770000 0 0 6 ""047?"" 0 0 0 0 0 no "
"500244 01/10/2025 07/10/2025 0 0 0 0 """" 0 """" 1580,68 0 1580,68 177 760000 0 0 3 ""PKV"" 0 0 0 0 0 no "
"500252 01/10/2025 07/10/2025 0 0 0 0 """" 0 """" 2178,89 0 1727,42 177 710000 0 0 3 ""8491"" 0 0 0 0 0 no "
"500253 01/10/2025 07/10/2025 0 0 0 0 """" 0 """" 722,16 0 432,14 177 710000 0 0 3 ""151"" 0 0 0 0 0 no "
"500261 01/10/2025 07/10/2025 0 0 0 0 """" 0 """" 713,82 0 713,82 177 770000 0 0 3 ""0471"" 0 0 0 0 0 no "
"500263 01/10/2025 07/10/2025 0 0 0 0 """" 0 """" 2333,66 0 2333,66 177 780000 0 0 0 ""PKV"" 0 0 0 0 0 no "
"500266 01/10/2025 07/10/2025 0 0 0 0 """" 0 """" 311,95 0 107,69 177 760000 0 0 6 ""5301"" 0 0 0 0 0 no "
"500275 01/10/2025 07/10/2025 0 0 0 0 """" 0 """" 437,53 0 361,88 177 710000 0 0 0 ""8815"" 0 0 0 0 0 no "
"500290 01/10/2025 07/10/2025 0 0 0 0 """" 0 """" 806,87 0 806,87 177 770000 0 0 3 ""8491"" 0 0 0 0 0 no "
"500298 01/10/2025 07/10/2025 0 0 0 0 """" 0 """" 463,57 0 463,57 177 760000 0 0 3 ""8490"" 0 0 0 0 0 no "
"500301 01/10/2025 07/10/2025 0 0 0 0 """" 0 """" 335,58 0 335,58 177 740000 0 0 3 ""849?"" 0 0 0 0 0 no "
"500302 01/10/2025 07/10/2025 0 0 0 0 """" 0 """" 414,01 0 414,01 177 760000 0 0 3 ""1511"" 0 0 0 0 0 no "
"500303 01/10/2025 07/10/2025 0 0 0 0 """" 0 """" 829,13 0 829,13 177 710000 0 0 3 ""1511"" 0 0 0 0 0 no "
"500306 01/10/2025 07/10/2025 0 0 0 0 """" 0 """" 228,29 0 78,23 177 760000 0 0 3 ""4161"" 0 0 0 0 0 no "
"500307 01/10/2025 07/10/2025 0 0 0 0 """" 0 """" 538,33 0 538,33 177 760000 0 0 3 ""0472"" 0 0 0 0 0 no "
"500318 01/10/2025 07/10/2025 0 0 0 0 """" 0 """" 934,41 0 592,23 177 710000 0 0 3 ""1511"" 0 0 0 0 0 no "
"500329 01/10/2025 07/10/2025 0 0 0 0 """" 0 """" 685,58 45,08 380,32 177 770000 0 0 3 ""047?"" 0 0 0 0 0 no "
"500341 01/10/2025 07/10/2025 0 0 0 0 """" 0 """" 709 0 709 177 710000 0 0 0 ""849?"" 0 0 0 0 0 no "
"500347 01/10/2025 07/10/2025 0 0 0 0 """" 0 """" 961,35 200,31 524,36 177 770000 0 0 3 ""1511"" 0 0 0 0 0 no "
"500352 01/10/2025 07/10/2025 0 0 0 0 """" 0 """" 363,18 0 190,96 177 760000 0 0 3 ""705?"" 0 0 0 0 0 no "
"500360 01/10/2025 07/10/2025 0 0 0 0 """" 0 """" 355,08 0 195,4 177 760000 0 0 1 ""312?"" 0 0 0 0 0 no "
"500361 01/10/2025 07/10/2025 0 0 0 0 """" 0 """" 443,81 0 443,81 177 740000 0 0 3 ""211?"" 0 0 0 0 0 no "
"500369 01/10/2025 07/10/2025 0 0 0 0 """" 0 """" 737,5 0 737,5 177 750000 0 0 3 ""211?"" 0 0 0 0 0 no "
"500372 01/10/2025 07/10/2025 0 0 0 0 """" 0 """" 803,4 0 803,4 177 770000 0 0 3 ""047?"" 0 0 0 0 0 no "
"500376 01/10/2025 07/10/2025 0 0 0 0 """" 0 """" 1498,61 0 1498,61 177 710000 0 0 3 ""849?"" 0 0 0 0 0 no "
"500385 01/10/2025 07/10/2025 0 0 0 0 """" 0 """" 662,73 0 269,53 177 760000 0 0 3 ""151?"" 0 0 0 0 0 no "
"500386 01/10/2025 07/10/2025 0 0 0 0 """" 0 """" 395,16 0 188,65 177 760000 0 0 6 ""PKV"" 0 0 0 0 0 no "
"500395 01/10/2025 07/10/2025 0 0 0 0 """" 0 """" 552,06 0 552,06 177 760000 0 0 0 ""708?"" 0 0 0 0 0 no "
"500396 01/10/2025 07/10/2025 0 0 0 0 """" 0 """" 536,72 0 536,72 177 760000 0 0 5 ""047?"" 0 0 0 0 0 no "
"500401 01/10/2025 07/10/2025 0 0 0 0 """" 0 """" 439,18 0 179,01 177 760000 0 0 6 ""8492"" 0 0 0 0 0 no "
"500406 01/10/2025 07/10/2025 0 0 0 0 """" 0 """" 748,53 0 748,53 177 770000 0 0 3 ""849?"" 0 0 0 0 0 no "
"500407 01/10/2025 07/10/2025 0 0 0 0 """" 0 """" 432,1 0 255,2 177 710000 0 0 3 ""265?"" 0 0 0 0 0 no "
"500413 01/10/2025 07/10/2025 0 0 0 0 """" 0 """" 1136,48 0 1136,48 177 710000 0 0 3 ""151?"" 0 0 0 0 0 no "
"500416 01/10/2025 07/10/2025 0 0 0 0 """" 0 """" 859,87 0 859,87 177 750000 0 0 3 ""047?"" 0 0 0 0 0 no "
"500417 01/10/2025 07/10/2025 0 0 0 0 """" 0 """" 403,44 0 403,44 177 710000 0 0 3 ""151?"" 0 0 0 0 0 no "
"500420 01/10/2025 07/10/2025 0 0 0 0 """" 0 """" 662,15 0 662,15 177 770000 0 0 3 ""4971"" 0 0 0 0 0 no "
"500421 01/10/2025 07/10/2025 0 0 0 0 """" 0 """" 439,1 0 173,31 177 760000 0 0 3 ""849?"" 0 0 0 0 0 no "
"500423 01/10/2025 07/10/2025 0 0 0 0 """" 0 """" 533,43 0 533,43 176 710000 0 0 1 ""142?"" 0 0 0 0 0 no "
"500426 01/10/2025 07/10/2025 0 0 0 0 """" 0 """" 1227,15 0 1227,15 177 710000 0 0 3 ""849?"" 0 0 0 0 0 no "
"500427 01/10/2025 07/10/2025 0 0 0 0 """" 0 """" 569,38 0 348,18 177 760000 0 0 3 ""849?"" 0 0 0 0 0 no "
"500428 01/10/2025 07/10/2025 0 0 0 0 """" 0 """" 1625,99 0 1625,99 177 710000 0 0 3 ""849?"" 0 0 0 0 0 no "
"500429 01/10/2025 07/10/2025 0 0 0 0 """" 0 """" 278,6 0 278,6 177 760000 0 0 3 ""142?"" 0 0 0 0 0 no "
"500431 01/10/2025 07/10/2025 0 0 0 0 """" 0 """" 1020,97 186,38 763,08 177 770000 0 3 3 ""PKV"" 0 0 0 0 0 no "
"500434 01/10/2025 07/10/2025 0 0 0 0 """" 0 """" 414,82 0 241,8 177 710000 0 0 3 """" 0 0 0 0 0 no "
"500436 01/10/2025 07/10/2025 0 0 0 0 """" 0 """" 1595,91 0 1595,91 177 710000 0 0 3 ""151?"" 0 0 0 0 0 no "
"500437 01/10/2025 07/10/2025 0 0 0 0 """" 0 """" 868,43 257,03 581,38 177 770000 0 0 3 ""151?"" 0 0 0 0 0 no "
"500439 01/10/2025 07/10/2025 0 0 0 0 """" 0 """" 687,73 0 687,73 177 710000 0 0 3 ""0470"" 0 0 0 0 0 no "
"500440 01/10/2025 07/10/2025 0 0 0 0 """" 0 """" 2056,2 0 2056,2 177 710000 0 0 0 ""PKV"" 0 0 0 0 0 no "
"500450 01/10/2025 07/10/2025 0 0 0 0 """" 0 """" 599,58 0 316,7 177 760000 0 0 3 ""534?"" 0 0 0 0 0 no "
"500451 01/10/2025 07/10/2025 0 0 0 0 """" 0 """" 536,45 84,83 327,08 177 770000 0 0 0 ""151?"" 0 0 0 0 0 no "
"500452 01/10/2025 07/10/2025 0 0 0 0 """" 0 """" 311,57 128,43 240,91 177 770000 0 0 3 ""265?"" 0 0 0 0 0 no "
"500455 01/10/2025 07/10/2025 0 0 0 0 """" 0 """" 999,15 0 999,15 177 710000 0 0 3 ""151?"" 0 0 0 0 0 no "
"500457 01/10/2025 07/10/2025 0 0 0 0 """" 0 """" 265,32 0 265,32 176 760000 0 0 0 ? 0 0 0 0 0 no "
"500458 01/10/2025 07/10/2025 0 0 0 0 """" 0 """" 530,89 0 530,89 177 770000 0 0 3 ""047?"" 0 0 0 0 0 no "
"500467 01/10/2025 07/10/2025 0 0 0 0 """" 0 """" 518,96 0 161,24 177 760000 0 0 6 ""241?"" 0 0 0 0 0 no "
"500470 01/10/2025 07/10/2025 0 0 0 0 """" 0 """" 397,3 0 149,94 177 760000 0 0 3 ""849?"" 0 0 0 0 0 no "
"500471 01/10/2025 07/10/2025 0 0 0 0 """" 0 """" 1648,17 0 1648,17 177 710000 0 0 3 ""1511"" 0 0 0 0 0 no "
"500474 01/10/2025 07/10/2025 0 0 0 0 """" 0 """" 519,96 0 519,96 177 770000 0 0 0 ""151?"" 0 0 0 0 0 no "
"500475 01/10/2025 07/10/2025 0 0 0 0 """" 0 """" 988,12 0 468,76 177 710000 0 0 ? ""1511"" 0 0 0 0 0 no "
"500476 01/10/2025 07/10/2025 0 0 0 0 """" 0 """" 2230,63 0 2230,63 177 710000 0 0 0 ? 0 0 0 0 0 no "
"500477 01/10/2025 07/10/2025 0 0 0 0 """" 0 """" 402,95 0 143,57 177 760000 0 0 5 ""047?"" 0 0 0 0 0 no "
"500478 01/10/2025 07/10/2025 0 0 0 0 """" 0 """" 1150,85 169,95 746,13 177 770000 0 0 3 ""2112"" 0 0 0 0 0 no "
"500479 01/10/2025 07/10/2025 0 0 0 0 """" 0 """" 577,16 0 317,44 177 760000 0 0 3 ""047?"" 0 0 0 0 0 no "
"500482 01/10/2025 07/10/2025 0 0 0 0 """" 0 """" 450,7 0 147,02 177 760000 0 0 3 ""142?"" 0 0 0 0 0 no "
"500485 01/10/2025 07/10/2025 0 0 0 0 """" 0 """" 859,88 0 859,88 177 760000 0 0 0 ""265?"" 0 0 0 0 0 no "
"500488 01/10/2025 07/10/2025 0 0 0 0 """" 0 """" 848,8 0 848,8 177 710000 0 0 3 ""849"" 0 0 0 0 0 no "
"500489 01/10/2025 07/10/2025 0 0 0 0 """" 0 """" 235,57 0 235,57 176 760000 0 0 0 """" 0 0 0 0 0 no "
"500491 01/10/2025 07/10/2025 0 0 0 0 """" 0 """" 354,41 0 108,13 177 760000 0 0 3 ""0471"" 0 0 0 0 0 no "
"500492 01/10/2025 07/10/2025 0 0 0 0 """" 0 """" 709,31 0 709,31 177 710000 0 0 3 ""151"" 0 0 0 0 0 no "
"500495 01/10/2025 07/10/2025 0 0 0 0 """" 0 """" 980,26 0 980,26 177 770000 0 0 3 ""151?"" 0 0 0 0 0 no "
"500496 01/10/2025 07/10/2025 0 0 0 0 """" 0 """" 805,3 0 486,96 177 710000 0 0 ? ""211"" 0 0 0 0 0 no "
"500497 01/10/2025 07/10/2025 0 0 0 0 """" 0 """" 1015,13 161,15 546,72 177 770000 0 0 3 ""047"" 0 0 0 0 0 no "
"500498 01/10/2025 07/10/2025 0 0 0 0 """" 0 """" 418,19 0 161,25 177 760000 0 0 0 ""151"" 0 0 0 0 0 no "
"500500 01/10/2025 07/10/2025 0 0 0 0 """" 0 """" 319,25 0 319,25 177 760000 0 0 0 """" 0 0 0 0 0 no "
"500504 01/10/2025 07/10/2025 0 0 0 0 """" 0 """" 392,8 0 110,22 177 760000 0 0 0 ""047?"" 0 0 0 0 0 no "
"500506 01/10/2025 07/10/2025 0 0 0 0 """" 0 """" 533,82 86,01 356,04 177 770000 0 0 3 ""151?"" 0 0 0 0 0 no "
"500507 01/10/2025 07/10/2025 0 0 0 0 """" 0 """" 418,38 0 418,38 177 740000 0 0 3 ""047?"" 0 0 0 0 0 no "
"500509 01/10/2025 07/10/2025 0 0 0 0 """" 0 """" 3072,55 0 3072,55 177 710000 0 0 3 ""8490"" 0 0 0 0 0 no "
"500510 01/10/2025 07/10/2025 0 0 0 0 """" 0 """" 2318,53 0 2318,53 177 710000 0 0 3 ""0471"" 0 0 0 0 0 no "
"500512 01/10/2025 07/10/2025 0 0 0 0 """" 0 """" 343,12 0 244,3 177 750000 0 0 0 ""5301"" 0 0 0 0 0 no "
"500513 01/10/2025 07/10/2025 0 0 0 0 """" 0 """" 965,22 0 965,22 177 760000 0 0 3 ""8490"" 0 0 0 0 0 no "
"500517 01/10/2025 07/10/2025 0 0 0 0 """" 0 """" 817,89 0 817,89 176 710000 0 0 1 ""047"" 0 0 0 0 0 no "
"500520 01/10/2025 07/10/2025 0 0 0 0 """" 0 """" 375,85 0 375,85 177 740000 0 0 3 ""4501"" 0 0 0 0 0 no "
"500523 01/10/2025 07/10/2025 0 0 0 0 """" 0 """" 312,01 0 189,39 177 760000 0 0 3 """" 0 0 0 0 0 no "
"500524 01/10/2025 07/10/2025 0 0 0 0 """" 0 """" 340,52 0 340,52 177 740000 0 0 3 ""3121"" 0 0 0 0 0 no "
"500528 01/10/2025 07/10/2025 0 0 0 0 """" 0 """" 257,4 0 257,4 177 760000 0 0 0 ""8491"" 0 0 0 0 0 no "
"500529 01/10/2025 07/10/2025 0 0 0 0 """" 0 """" 4510,95 0 4120,3 177 820000 500530 0 0 ""0471"" 0 0 0 0 0 no "
"500530 01/10/2025 07/10/2025 0 0 0 0 """" 0 """" 4510,95 0 390,65 177 820000 500529 0 0 ""0470"" 0 0 0 0 0 no "
"500531 01/10/2025 07/10/2025 0 0 0 0 """" 0 """" 152,5 0 152,5 178 860000 0 0 0 ""312"" 0 0 0 0 0 no "
"500535 01/10/2025 07/10/2025 0 0 0 0 """" 0 """" 515,43 0 161,85 177 760000 0 0 0 ""151"" 0 0 0 0 0 no "
"500536 01/10/2025 07/10/2025 0 0 0 0 """" 0 """" 3619,8 0 3619,8 177 710000 0 0 3 ""HEK"" 0 0 0 0 0 no "
"500537 01/10/2025 07/10/2025 0 0 0 0 """" 0 """" 829,8 0 829,8 177 710000 0 0 4 ""2411"" 0 0 0 0 0 no "
"500538 01/10/2025 07/10/2025 0 0 0 0 """" 0 """" 676,04 0 676,04 177 710000 0 0 3 ? 0 0 0 0 0 no "
"500540 01/10/2025 07/10/2025 0 0 0 0 """" 0 """" 408,78 0 408,78 177 740000 0 0 0 ""345?"" 0 0 0 0 0 no "
"500543 01/10/2025 07/10/2025 0 0 0 0 """" 0 """" 449,25 0 175,39 177 760000 0 0 0 ""849"" 0 0 0 0 0 no "
"500544 01/10/2025 07/10/2025 0 0 0 0 """" 0 """" 833,12 105,97 605,45 177 770000 0 0 0 ""Ausl"" 0 0 0 0 0 no "
"500545 01/10/2025 07/10/2025 0 0 0 0 """" 0 """" 1242,92 207,78 661,27 177 770000 0 0 6 ""0470"" 0 0 0 0 0 no "
"500546 01/10/2025 07/10/2025 0 0 0 0 """" 0 """" 804,54 0 804,54 177 750000 0 1 3 ""8491"" 0 0 0 0 0 no "
"500547 01/10/2025 07/10/2025 0 0 0 0 """" 0 """" 311,26 0 311,26 177 760000 0 0 0 ? 0 0 0 0 0 no "
"500549 01/10/2025 07/10/2025 0 0 0 0 """" 0 """" 545,5 137,15 333,44 177 770000 0 0 3 ""1511"" 0 0 0 0 0 no "
"500550 01/10/2025 07/10/2025 0 0 0 0 """" 0 """" 285,91 0 285,91 177 750000 0 0 0 """" 0 0 0 0 0 no "
"500551 01/10/2025 07/10/2025 0 0 0 0 """" 0 """" 735,17 0 735,17 177 770000 0 0 3 ""1511"" 0 0 0 0 0 no "
"500552 01/10/2025 07/10/2025 0 0 0 0 """" 0 """" 1087,11 146,04 615,45 177 770000 0 0 3 ""1511"" 0 0 0 0 0 no "
"500555 01/10/2025 07/10/2025 0 0 0 0 """" 0 """" 831,5 119,2 437,03 186 770000 0 0 6 ""0472"" 0 0 0 0 0 no "
"500556 01/10/2025 07/10/2025 0 0 0 0 """" 0 """" 610,22 0 610,22 177 770000 0 0 0 ""047"" 0 0 0 0 0 no "
"500557 01/10/2025 07/10/2025 0 0 0 0 """" 0 """" 444,35 0 212,53 177 760000 0 0 0 ""1511"" 0 0 0 0 0 no "
"500558 01/10/2025 07/10/2025 0 0 0 0 """" 0 """" 286,21 0 286,21 177 760000 0 0 3 ""8491"" 0 0 0 0 0 no "
"500559 01/10/2025 07/10/2025 0 0 0 0 """" 0 """" 366,71 0 185,85 177 750000 0 0 0 ""530"" 0 0 0 0 0 no "
"500561 01/10/2025 07/10/2025 0 0 0 0 """" 0 """" 964,07 0 964,07 177 710000 0 0 3 ""1511"" 0 0 0 0 0 no "
"500564 01/10/2025 07/10/2025 0 0 0 0 """" 0 """" 784,5 0 784,5 177 710000 0 0 4 ? 0 0 0 0 0 no "
"500565 01/10/2025 07/10/2025 0 0 0 0 """" 0 """" 600,38 0 600,38 177 740000 0 0 0 ? 0 0 0 0 0 no "
"500567 01/10/2025 07/10/2025 0 0 0 0 """" 0 """" 729,43 0 729,43 177 770000 0 0 3 ""849"" 0 0 0 0 0 no "
"500568 01/10/2025 07/10/2025 0 0 0 0 """" 0 """" 1819,88 0 1819,88 177 710000 0 0 3 ""BEK"" 0 0 0 0 0 no "
"500572 01/10/2025 07/10/2025 0 0 0 0 """" 0 """" 462,04 0 462,04 177 710000 0 0 0 ? 0 0 0 0 0 no "
"500601 01/10/2025 07/10/2025 0 0 0 0 """" 0 """" 1383,14 0 1383,14 177 760000 0 0 0 ""PKV"" 0 0 0 0 0 no "
"500603 01/10/2025 07/10/2025 0 0 0 0 """" 0 """" 1141,53 0 925,32 0 750000 0 0 3 ""GKV"" 0 0 0 0 0 no "
"976009 01/10/2025 07/10/2025 0 0 0 0 """" 0 """" 36,41 0 36,41 177 770000 0 0 1 ""241"" 0 0 0 0 0 no "
"976010 01/10/2025 07/10/2025 0 0 0 0 """" 0 """" 167,53 0 94,59 177 760000 0 0 3 ? 0 0 0 0 0 no "
"976012 01/10/2025 07/10/2025 0 0 0 0 """" 0 """" 1300,33 0 1300,33 177 710000 0 0 3 ? 0 0 0 0 0 no "
"976013 01/10/2025 07/10/2025 0 0 0 0 """" 0 """" 897,73 0 599,68 177 710000 0 0 3 ? 0 0 0 0 0 no "
"976014 01/10/2025 07/10/2025 0 0 0 0 """" 0 """" 454,67 0 454,67 177 760000 0 0 4 ""2651"" 0 0 0 0 0 no "
"976015 01/10/2025 07/10/2025 0 0 0 0 """" 0 """" 810 0 457,08 177 770000 0 0 0 ? 0 0 0 0 0 no "
"976016 01/10/2025 07/10/2025 0 0 0 0 """" 0 """" 2522,12 0 2522,12 177 710000 0 0 3 ""8495"" 0 70,3188 1 1 0 no "
"976017 01/10/2025 07/10/2025 0 0 0 0 """" 0 """" 336,36 0 204,64 177 750004 0 0 4 ? 0 0 0 0 0 no "
"976018 01/10/2025 07/10/2025 0 0 0 0 """" 0 """" 388,45 0 154,29 177 760000 0 0 0 """" 0 0 0 0 0 no "
"976020 01/10/2025 07/10/2025 0 0 0 0 """" 0 """" 486,88 42,74 254,77 177 770000 0 0 4 ? 0 0 0 0 0 no "
"976022 01/10/2025 14/10/2025 0 0 0 0 """" 0 """" 90,01 0 90,01 177 770000 0 0 5 ? 0 0 0 0 0 no "
"976023 01/10/2025 07/10/2025 0 0 0 0 """" 0 """" 422,99 0 153,21 177 760000 0 0 0 """" 0 0 0 0 0 no "
"976024 01/10/2025 14/10/2025 0 0 0 0 """" 0 """" 651,73 0 433,85 177 740000 0 0 0 """" 0 0 0 0 0 no "
"976026 01/10/2025 07/10/2025 0 0 0 0 """" 0 """" 613,17 0 248,58 177 760000 0 0 0 ? 0 0 0 0 0 no "
"976027 01/10/2025 14/10/2025 0 0 0 0 """" 0 """" 13394,25 0 1394,25 177 710000 0 0 0 ""8491"" 0 0 0 0 0 no "
"976029 01/10/2025 14/10/2025 0 0 0 0 """" 0 """" 260,37 0 260,37 177 710000 0 0 3 """" 0 0 0 0 0 no "
"976030 01/10/2025 14/10/2025 0 0 0 0 """" 0 """" 84,56 0 84,56 177 710000 0 0 1 """" 0 0 0 0 0 no "
"976031 01/10/2025 14/10/2025 0 0 0 0 """" 0 """" 416,48 0 416,48 177 710000 0 2 3 ""1511"" 0 0 0 0 0 no "
"976035 01/10/2025 14/10/2025 0 0 0 0 """" 0 """" 242,78 0 242,78 177 790000 0 0 0 """" 0 0 0 0 0 no "
"976036 01/10/2025 14/10/2025 0 0 0 0 """" 0 """" 1046,81 0 1046,81 177 710000 0 0 1 ""3120"" 0 0 0 0 0 no "
"976037 01/10/2025 07/10/2025 0 0 0 0 """" 0 """" 1156,96 0 1156,96 177 770000 0 0 3 ""2201"" 0 0 0 0 0 no "
"976042 01/10/2025 14/10/2025 0 0 0 0 """" 0 """" 350,14 91,49 350,16 177 770000 0 0 3 ""7432"" 0 0 0 0 0 no "
"976043 01/10/2025 07/10/2025 0 0 0 0 """" 0 """" 1268,51 0 1268,51 177 710000 0 0 0 """" 0 0 0 0 0 no "
"976044 01/10/2025 07/10/2025 0 0 0 0 """" 0 """" 593,49 0 593,49 177 760000 0 0 3 """" 0 0 0 0 0 no "
"976048 01/10/2025 07/10/2025 0 0 0 0 """" 0 """" 642,11 0 301,34 177 760000 0 0 3 ""151?"" 0 0 0 0 0 no "
"976049 01/10/2025 14/10/2025 0 0 0 0 """" 0 """" 1386,72 0 1386,72 177 76 0 0 0 ""1511"" 0 0 0 0 0 no "
"976052 01/10/2025 07/10/2025 0 0 0 0 """" 0 """" 498,86 0 279,06 177 710000 0 0 4 ""1511"" 0 0 0 0 0 no "
"976054 01/10/2025 14/10/2025 0 0 0 0 """" 0 """" 1238,49 0 775,4 177 710000 0 0 3 ""PKV"" 0 0 0 0 0 no "
"976055 01/10/2025 14/10/2025 0 0 0 0 """" 0 """" 613,59 273,09 613,59 177 770000 0 0 3 ""PKV"" 0 0 0 0 0 no "
"976057 01/10/2025 14/10/2025 0 0 0 0 """" 0 """" 152,99 0 152,99 177 760000 0 0 3 ""3122"" 0 0 0 0 0 no "
"976058 01/10/2025 14/10/2025 0 0 0 0 """" 0 """" 1457,8 0 1457,8 177 710000 0 0 3 ""1511"" 0 0 0 0 0 no "
"976060 01/10/2025 14/10/2025 0 0 0 0 """" 0 """" 749,78 0 749,78 177 770000 0 0 3 ""1511"" 0 0 0 0 0 no "
"976061 01/10/2025 14/10/2025 0 0 0 0 """" 0 """" 541,24 0 541,24 177 760000 0 0 3 ""0470"" 0 0 0 0 0 no "
"976063 01/10/2025 14/10/2025 0 0 0 0 """" 0 """" 1352,95 0 1352,95 177 770000 0 0 3 ""PKV"" 0 0 0 0 0 no "
"976064 01/10/2025 14/10/2025 0 0 0 0 """" 0 """" 1153,41 0 1153,41 177 710000 0 0 3 ""1511"" 0 64,1893 1 1 0 no "
"976065 01/10/2025 14/10/2025 0 0 0 0 """" 0 """" 163,87 0 100,4 177 750000 0 0 3 ""PKV"" 0 0 0 0 0 no "
"976066 01/10/2025 14/10/2025 0 0 0 0 """" 0 """" 498,68 0 305,49 177 770000 0 0 3 ""849"" 0 0 0 0 0 no "
"60 01/10/2025 07/10/2025 0 0 0 0 """" 0 """" 1649,13 0 1206,67 175 760000 0 0 0 """" 0 0 0 0 0 no "
"100214 01/10/2025 07/10/2025 0 0 0 0 """" 0 """" 993,73 0 993,73 175 760000 0 0 3 ""1510"" 0 0 0 0 0 no "
"100511 01/10/2025 07/10/2025 0 0 0 0 """" 0 """" 929,99 0 391,43 175 760000 0 0 3 ""1511"" 0 0 0 0 0 no "
"102574 01/10/2025 07/10/2025 0 0 0 0 """" 0 """" 624,74 37,92 227,35 175 770000 0 0 3 ""3455"" 0 0 0 0 0 no "
"104653 01/10/2025 07/10/2025 0 0 0 0 """" 0 """" 2139,16 0 1142,1 175 760000 0 0 6 ""5342"" 0 0 0 0 0 no "
"104752 01/10/2025 07/10/2025 0 0 0 0 """" 0 """" 1438,65 0 448,43 175 760000 0 0 6 ""1510"" 0 0 0 0 0 no "
"104885 01/10/2025 07/10/2025 0 0 0 0 """" 0 """" 1277,34 0 420,24 175 760000 0 0 6 ""1510"" 0 0 0 0 0 no "
"105072 01/10/2025 07/10/2025 0 0 0 0 """" 0 """" 1310,84 0 673,12 175 760000 0 0 ? ""1511"" 0 0 0 0 0 no "
"105130 01/10/2025 07/10/2025 0 0 0 0 """" 0 """" 678,79 0 315,37 175 760000 0 0 0 """" 0 0 0 0 0 no "
"105288 01/10/2025 07/10/2025 0 0 0 0 """" 0 """" 477,8 0 152,13 175 760000 0 0 6 ""8491"" 0 0 0 0 0 no "
"105619 01/10/2025 07/10/2025 0 0 0 0 """" 0 """" 534,21 45,52 206,84 175 770000 0 0 3 ""151?"" 0 0 0 0 0 no "
"108191 01/10/2025 07/10/2025 0 0 0 0 """" 0 """" 1988,73 383,88 984,41 175 770000 0 0 ? ""PKV"" 0 0 0 0 0 no "
"108217 01/10/2025 07/10/2025 0 0 0 0 """" 0 """" 1550,16 0 574,49 175 760000 0 0 3 ""PKV"" 0 0 0 0 0 no "
"108225 01/10/2025 07/10/2025 0 0 0 0 """" 0 """" 1527,51 309,26 676,68 175 770000 0 0 6 ""PKV"" 0 0 0 0 0 no "
"108365 01/10/2025 07/10/2025 0 0 0 0 """" 0 """" 760,83 0 256,48 175 760000 0 0 0 ""8492"" 0 0 0 0 0 no "
"108647 01/10/2025 07/10/2025 0 0 0 0 """" 0 """" 951,64 162,88 414,97 175 770000 0 0 4 ""1511"" 0 0 0 0 0 no "
"108720 01/10/2025 07/10/2025 0 0 0 0 """" 0 """" 878,56 0 312,86 175 760000 0 0 4 ""1511"" 0 0 0 0 0 no "
"109397 01/10/2025 07/10/2025 0 0 0 0 """" 0 """" 526,91 0 183,15 175 760000 0 0 3 ""0471"" 0 0 0 0 0 no "
"112185 01/10/2025 07/10/2025 0 0 0 0 """" 0 """" 702,46 0 702,46 175 760000 0 0 1 ""1511"" 0 0 0 0 0 no "
"112581 01/10/2025 07/10/2025 0 0 0 0 """" 0 """" 913,21 0 913,21 175 770000 0 0 0 ""8491"" 0 63,8972 1 1 0 no "
"112649 01/10/2025 07/10/2025 0 0 0 0 """" 0 """" 452,05 0 123,64 175 760000 0 1 1 ""849?"" 0 0 0 0 0 no "
"115535 01/10/2025 07/10/2025 0 0 0 0 """" 0 """" 3097,24 0 1749,32 175 770000 0 0 6 ""PKV"" 0 0 0 0 0 no "
"115808 01/10/2025 07/10/2025 0 0 0 0 """" 0 """" 539,49 0 219,09 175 760000 0 0 3 ""0472"" 0 0 0 0 0 no "
"115923 01/10/2025 07/10/2025 0 0 0 0 """" 0 """" 552,21 0 175,11 175 760000 0 0 0 ""PKV"" 0 0 0 0 0 no "
"116053 01/10/2025 07/10/2025 0 0 0 0 """" 0 """" 384,57 0 226,32 175 750000 0 0 0 ""5301"" 0 0 0 0 0 no "
"116061 01/10/2025 07/10/2025 0 0 0 0 """" 0 """" 1010,61 0 439,62 175 781000 0 0 1 ""5301"" 0 0 0 0 0 no "
"116129 01/10/2025 07/10/2025 0 0 0 0 """" 0 """" 1533,13 0 588,26 175 760000 0 0 6 ""1511"" 0 0 0 0 0 no "
"116186 01/10/2025 07/10/2025 0 0 0 0 """" 0 """" 620,24 62,3 278,06 175 770000 0 0 4 ""0472"" 0 0 0 0 0 no "
"116319 01/10/2025 07/10/2025 0 0 0 0 """" 0 """" 885,57 0 453,59 175 780000 0 0 0 ""PKV"" 0 0 0 0 0 no "
"116327 01/10/2025 07/10/2025 0 0 0 0 """" 0 """" 1398,1 0 957,14 175 710000 0 0 3 ""8491"" 0 0 0 0 0 no "
"122630 01/10/2025 07/10/2025 0 0 0 0 """" 0 """" 3097,55 0 1471,65 175 710000 0 0 6 ""1422"" 0 0 0 0 0 no "
"122739 01/10/2025 07/10/2025 0 0 0 0 """" 0 """" 2545,2 0 2545,2 175 750000 0 0 3 ""1511"" 0 0 0 0 0 no "
"122846 01/10/2025 07/10/2025 0 0 0 0 """" 0 """" 1836,08 0 1836,08 175 760000 0 0 1 ""0471"" 0 0 0 0 0 no "
"123018 01/10/2025 07/10/2025 0 0 0 0 """" 0 """" 1422,75 232,5 765,49 175 770000 0 0 0 ""Ausl"" 0 0 0 0 0 no "
"124875 01/10/2025 07/10/2025 0 0 0 0 """" 0 """" 1070,79 0 439,13 175 780000 0 0 4 ""PKV"" 0 0 0 0 0 no "
"125484 01/10/2025 07/10/2025 0 0 0 0 """" 0 """" 846,57 0 846,57 175 760000 0 0 4 ""8491"" 0 0 0 0 0 no "
"125773 01/10/2025 07/10/2025 0 0 0 0 """" 0 """" 536,96 0 536,96 175 760000 0 0 1 ""0471"" 0 0 0 0 0 no "
"126029 01/10/2025 07/10/2025 0 0 0 0 """" 0 """" 574,25 0 267,49 175 760000 0 0 4 ""0471"" 0 0 0 0 0 no "
"126250 01/10/2025 07/10/2025 0 0 0 0 """" 0 """" 538,33 0 200,04 175 760000 0 0 ? ""0471"" 0 0 0 0 0 no "
"131159 01/10/2025 07/10/2025 0 0 0 0 """" 0 """" 547,38 0 197,66 175 760000 0 0 4 ""849?"" 0 0 0 0 0 no "
"131466 01/10/2025 07/10/2025 0 0 0 0 """" 0 """" 6254,07 0 3706,79 175 710000 0 0 3 ""0471"" 0 0 0 0 0 no "
"131573 01/10/2025 07/10/2025 0 0 0 0 """" 0 """" 2309,59 0 2309,59 175 770000 0 0 0 ""1511"" 0 0 0 0 0 no "
"131748 01/10/2025 07/10/2025 0 0 0 0 """" 0 """" 778,13 0 467,19 175 710000 0 0 5 ""0472"" 0 0 0 0 0 no "
"131854 01/10/2025 07/10/2025 0 0 0 0 """" 0 """" 1594,61 0 1594,61 175 750000 0 0 3 ""1511"" 0 0 0 0 0 no "
"131946 01/10/2025 07/10/2025 0 0 0 0 """" 0 """" 456,76 0 230,12 175 770000 0 0 3 ""1511"" 0 0 0 0 0 no "
"132084 01/10/2025 07/10/2025 0 0 0 0 """" 0 """" 1965,37 0 1965,37 175 760000 0 0 0 ""1511"" 0 0 0 0 0 no "
"132134 01/10/2025 07/10/2025 0 0 0 0 """" 0 """" 881,39 0 338,81 175 760000 0 0 3 ""8491"" 0 0 0 0 0 no "
"132357 01/10/2025 07/10/2025 0 0 0 0 """" 0 """" 418,3 0 418,3 175 760000 0 0 6 ""0471"" 0 0 0 0 0 no "
"132498 01/10/2025 07/10/2025 0 0 0 0 """" 0 """" 1458,27 0 1458,27 175 710000 0 0 3 ""1511"" 0 0 0 0 0 no "
"132522 01/10/2025 07/10/2025 0 0 0 0 """" 0 """" 1323,14 0 1323,14 175 740000 0 0 3 ""1511"" 0 0 0 0 0 no "
"132530 01/10/2025 07/10/2025 0 0 0 0 """" 0 """" 678,62 0 249,8 175 780000 0 0 5 ""5341"" 0 0 0 0 0 no "
"132688 01/10/2025 07/10/2025 0 0 0 0 """" 0 """" 463,22 0 122,43 175 760000 0 0 6 ""241?"" 0 0 0 0 0 no "
"132829 01/10/2025 07/10/2025 0 0 0 0 """" 0 """" 531,58 0 238,2 175 760000 0 0 3 ""8491"" 0 0 0 0 0 no "
"136093 01/10/2025 07/10/2025 0 0 0 0 """" 0 """" 897,64 0 342,45 175 760000 0 0 0 ""1421"" 0 0 0 0 0 no "
"136200 01/10/2025 07/10/2025 0 0 0 0 """" 0 """" 1167,5 0 1167,5 175 760000 0 0 4 ""1510"" 0 0 0 0 0 no "
"136283 01/10/2025 07/10/2025 0 0 0 0 """" 0 """" 612,86 53,54 253,66 175 770000 0 0 0 """" 0 0 0 0 0 no "
"136358 01/10/2025 07/10/2025 0 0 0 0 """" 0 """" 832,79 0 302,72 175 760000 0 0 6 ""PKV"" 0 0 0 0 0 no "
"136457 01/10/2025 07/10/2025 0 0 0 0 """" 0 """" 863,29 0 288,51 175 760000 0 0 5 ""PKV"" 0 0 0 0 0 no "
"136523 01/10/2025 07/10/2025 0 0 0 0 """" 0 """" 837,54 0 228,15 175 760000 0 0 3 ""PKV"" 0 0 0 0 0 no "
"137738 01/10/2025 07/10/2025 0 0 0 0 """" 0 """" 991,41 0 431,46 175 760000 0 0 0 ""8492"" 0 0 0 0 0 no "
"138107 01/10/2025 07/10/2025 0 0 0 0 """" 0 """" 597,37 118,92 360,25 177 770000 0 0 1 ""8492"" 0 0 0 0 0 no "
"139717 01/10/2025 07/10/2025 0 0 0 0 """" 0 """" 2185,58 244,65 1484,32 175 770000 0 0 ? ""PKV"" 0 0 0 0 0 no "
"141317 01/10/2025 07/10/2025 0 0 0 0 """" 0 """" 1798,32 0 539,32 175 760000 0 0 6 ""PKV"" 0 0 0 0 0 no "
"141358 01/10/2025 07/10/2025 0 0 0 0 """" 0 """" 863,42 0 297,19 175 760000 0 0 6 ""7432"" 0 0 0 0 0 no "
"141432 01/10/2025 07/10/2025 0 0 0 0 """" 0 """" 3056,12 0 1499,64 175 710000 0 0 3 ""0471"" 0 0 0 0 0 no "
"141457 01/10/2025 07/10/2025 0 0 0 0 """" 0 """" 629,08 0 226,09 175 760000 0 0 3 ""8491"" 0 0 0 0 0 no "
"141762 01/10/2025 07/10/2025 0 0 0 0 """" 0 """" 676,76 47,68 355,99 175 770000 0 0 1 ""1421"" 0 0 0 0 0 no "
"145722 01/10/2025 07/10/2025 0 0 0 0 """" 0 """" 3462,26 0 1755,37 175 710000 0 0 3 ""PKV"" 0 0 0 0 0 no "
"146175 01/10/2025 07/10/2025 0 0 0 0 """" 0 """" 1022,95 0 1022,95 175 740000 0 0 0 ""2111"" 0 0 0 0 0 no "
